{
  "layer_0/self_attn_o_proj": {
    "elbow_p": 0.7006012024048096,
    "elbow_value": 0.025390625
  },
  "layer_1/self_attn_o_proj": {
    "elbow_p": 0.6948897795591181,
    "elbow_value": 0.045654296875
  },
  "layer_2/self_attn_o_proj": {
    "elbow_p": 0.6948897795591181,
    "elbow_value": 0.046142578125
  },
  "layer_3/self_attn_o_proj": {
    "elbow_p": 0.6948897795591181,
    "elbow_value": 0.058349609375
  },
  "layer_4/self_attn_o_proj": {
    "elbow_p": 0.7082164328657314,
    "elbow_value": 0.07275390625
  },
  "layer_5/self_attn_o_proj": {
    "elbow_p": 0.7139278557114228,
    "elbow_value": 0.09814453125
  },
  "layer_6/self_attn_o_proj": {
    "elbow_p": 0.7006012024048096,
    "elbow_value": 0.1279296875
  },
  "layer_7/self_attn_o_proj": {
    "elbow_p": 0.698697394789579,
    "elbow_value": 0.12890625
  },
  "layer_8/self_attn_o_proj": {
    "elbow_p": 0.6758517034068136,
    "elbow_value": 0.1484375
  },
  "layer_9/self_attn_o_proj": {
    "elbow_p": 0.6891783567134268,
    "elbow_value": 0.1611328125
  },
  "layer_10/self_attn_o_proj": {
    "elbow_p": 0.6758517034068136,
    "elbow_value": 0.1904296875
  },
  "layer_11/self_attn_o_proj": {
    "elbow_p": 0.6872745490981963,
    "elbow_value": 0.1884765625
  },
  "layer_12/self_attn_o_proj": {
    "elbow_p": 0.6853707414829658,
    "elbow_value": 0.2177734375
  },
  "layer_13/self_attn_o_proj": {
    "elbow_p": 0.6834669338677354,
    "elbow_value": 0.1884765625
  },
  "layer_14/self_attn_o_proj": {
    "elbow_p": 0.7310621242484969,
    "elbow_value": 0.259765625
  },
  "layer_15/self_attn_o_proj": {
    "elbow_p": 0.6872745490981963,
    "elbow_value": 0.2177734375
  },
  "layer_16/self_attn_o_proj": {
    "elbow_p": 0.6948897795591181,
    "elbow_value": 0.2109375
  },
  "layer_17/self_attn_o_proj": {
    "elbow_p": 0.7196392785571142,
    "elbow_value": 0.2578125
  },
  "layer_18/self_attn_o_proj": {
    "elbow_p": 0.6891783567134268,
    "elbow_value": 0.255859375
  },
  "layer_19/self_attn_o_proj": {
    "elbow_p": 0.7082164328657314,
    "elbow_value": 0.326171875
  },
  "layer_20/self_attn_o_proj": {
    "elbow_p": 0.6815631262525049,
    "elbow_value": 0.26953125
  },
  "layer_21/self_attn_o_proj": {
    "elbow_p": 0.7006012024048096,
    "elbow_value": 0.3359375
  },
  "layer_22/self_attn_o_proj": {
    "elbow_p": 0.6872745490981963,
    "elbow_value": 0.427734375
  },
  "layer_23/self_attn_o_proj": {
    "elbow_p": 0.6967935871743486,
    "elbow_value": 0.56640625
  },
  "layer_24/self_attn_o_proj": {
    "elbow_p": 0.7139278557114228,
    "elbow_value": 0.6328125
  },
  "layer_25/self_attn_o_proj": {
    "elbow_p": 0.6758517034068136,
    "elbow_value": 0.53125
  },
  "layer_26/self_attn_o_proj": {
    "elbow_p": 0.6929859719438877,
    "elbow_value": 0.515625
  },
  "layer_27/self_attn_o_proj": {
    "elbow_p": 0.698697394789579,
    "elbow_value": 0.61328125
  },
  "layer_28/self_attn_o_proj": {
    "elbow_p": 0.6910821643286572,
    "elbow_value": 0.71484375
  },
  "layer_29/self_attn_o_proj": {
    "elbow_p": 0.6967935871743486,
    "elbow_value": 0.671875
  },
  "layer_30/self_attn_o_proj": {
    "elbow_p": 0.6929859719438877,
    "elbow_value": 1.015625
  },
  "layer_31/self_attn_o_proj": {
    "elbow_p": 0.6891783567134268,
    "elbow_value": 0.9296875
  },
  "layer_32/self_attn_o_proj": {
    "elbow_p": 0.6872745490981963,
    "elbow_value": 1.0703125
  },
  "layer_33/self_attn_o_proj": {
    "elbow_p": 0.7158316633266533,
    "elbow_value": 1.1796875
  },
  "layer_34/self_attn_o_proj": {
    "elbow_p": 0.7120240480961924,
    "elbow_value": 2.203125
  },
  "layer_35/self_attn_o_proj": {
    "elbow_p": 0.7386773547094188,
    "elbow_value": 2.078125
  }
}