{
  "layer_0/mlp_down_proj": {
    "elbow_p": 0.7196392785571142,
    "elbow_value": 0.00823974609375
  },
  "layer_0/mlp_up_proj": {
    "elbow_p": 0.6758517034068136,
    "elbow_value": 0.054443359375
  },
  "layer_0/self_attn_o_proj": {
    "elbow_p": 0.7177354709418837,
    "elbow_value": 0.00927734375
  },
  "layer_0/self_attn_q_proj": {
    "elbow_p": 0.6587174348697394,
    "elbow_value": 0.0086669921875
  },
  "layer_10/mlp_down_proj": {
    "elbow_p": 0.6682364729458917,
    "elbow_value": 0.07421875
  },
  "layer_10/mlp_up_proj": {
    "elbow_p": 0.677755511022044,
    "elbow_value": 0.224609375
  },
  "layer_10/self_attn_o_proj": {
    "elbow_p": 0.7006012024048096,
    "elbow_value": 0.0859375
  },
  "layer_10/self_attn_q_proj": {
    "elbow_p": 0.6910821643286572,
    "elbow_value": 0.16015625
  },
  "layer_15/mlp_down_proj": {
    "elbow_p": 0.6891783567134268,
    "elbow_value": 0.0771484375
  },
  "layer_15/mlp_up_proj": {
    "elbow_p": 0.6929859719438877,
    "elbow_value": 0.228515625
  },
  "layer_15/self_attn_o_proj": {
    "elbow_p": 0.6967935871743486,
    "elbow_value": 0.1259765625
  },
  "layer_15/self_attn_q_proj": {
    "elbow_p": 0.7120240480961924,
    "elbow_value": 0.1396484375
  },
  "layer_20/mlp_down_proj": {
    "elbow_p": 0.7006012024048096,
    "elbow_value": 0.1044921875
  },
  "layer_20/mlp_up_proj": {
    "elbow_p": 0.6948897795591181,
    "elbow_value": 0.26171875
  },
  "layer_20/self_attn_o_proj": {
    "elbow_p": 0.6948897795591181,
    "elbow_value": 0.162109375
  },
  "layer_20/self_attn_q_proj": {
    "elbow_p": 0.7196392785571142,
    "elbow_value": 0.251953125
  },
  "layer_25/mlp_down_proj": {
    "elbow_p": 0.7234468937875751,
    "elbow_value": 0.2021484375
  },
  "layer_25/mlp_up_proj": {
    "elbow_p": 0.7044088176352705,
    "elbow_value": 0.380859375
  },
  "layer_25/self_attn_o_proj": {
    "elbow_p": 0.6929859719438877,
    "elbow_value": 0.1982421875
  },
  "layer_25/self_attn_q_proj": {
    "elbow_p": 0.7158316633266533,
    "elbow_value": 0.51953125
  },
  "layer_30/mlp_down_proj": {
    "elbow_p": 0.7253507014028056,
    "elbow_value": 0.3046875
  },
  "layer_30/mlp_up_proj": {
    "elbow_p": 0.7120240480961924,
    "elbow_value": 0.5703125
  },
  "layer_30/self_attn_o_proj": {
    "elbow_p": 0.7234468937875751,
    "elbow_value": 0.3125
  },
  "layer_30/self_attn_q_proj": {
    "elbow_p": 0.727254509018036,
    "elbow_value": 1.265625
  },
  "layer_35/mlp_down_proj": {
    "elbow_p": 0.7386773547094188,
    "elbow_value": 0.40234375
  },
  "layer_35/mlp_up_proj": {
    "elbow_p": 0.7177354709418837,
    "elbow_value": 0.69921875
  },
  "layer_35/self_attn_o_proj": {
    "elbow_p": 0.6872745490981963,
    "elbow_value": 0.765625
  },
  "layer_35/self_attn_q_proj": {
    "elbow_p": 0.7139278557114228,
    "elbow_value": 1.6015625
  },
  "layer_5/mlp_down_proj": {
    "elbow_p": 0.6910821643286572,
    "elbow_value": 0.028564453125
  },
  "layer_5/mlp_up_proj": {
    "elbow_p": 0.6891783567134268,
    "elbow_value": 0.16796875
  },
  "layer_5/self_attn_o_proj": {
    "elbow_p": 0.7006012024048096,
    "elbow_value": 0.03125
  },
  "layer_5/self_attn_q_proj": {
    "elbow_p": 0.7196392785571142,
    "elbow_value": 0.041015625
  }
}