{
  "layer_0/mlp_up_proj": {
    "elbow_p": 0.6644288577154308,
    "elbow_value": 0.05322265625
  },
  "layer_1/mlp_up_proj": {
    "elbow_p": 0.677755511022044,
    "elbow_value": 0.1875
  },
  "layer_2/mlp_up_proj": {
    "elbow_p": 0.6929859719438877,
    "elbow_value": 0.298828125
  },
  "layer_3/mlp_up_proj": {
    "elbow_p": 0.7082164328657314,
    "elbow_value": 0.271484375
  },
  "layer_4/mlp_up_proj": {
    "elbow_p": 0.7101202404809619,
    "elbow_value": 0.2353515625
  },
  "layer_5/mlp_up_proj": {
    "elbow_p": 0.7158316633266533,
    "elbow_value": 0.181640625
  },
  "layer_6/mlp_up_proj": {
    "elbow_p": 0.7044088176352705,
    "elbow_value": 0.1875
  },
  "layer_7/mlp_up_proj": {
    "elbow_p": 0.6910821643286572,
    "elbow_value": 0.2060546875
  },
  "layer_8/mlp_up_proj": {
    "elbow_p": 0.6872745490981963,
    "elbow_value": 0.205078125
  },
  "layer_9/mlp_up_proj": {
    "elbow_p": 0.6549098196392785,
    "elbow_value": 0.21875
  },
  "layer_10/mlp_up_proj": {
    "elbow_p": 0.6682364729458917,
    "elbow_value": 0.2197265625
  },
  "layer_11/mlp_up_proj": {
    "elbow_p": 0.6720440881763526,
    "elbow_value": 0.2197265625
  },
  "layer_12/mlp_up_proj": {
    "elbow_p": 0.6948897795591181,
    "elbow_value": 0.2265625
  },
  "layer_13/mlp_up_proj": {
    "elbow_p": 0.7025050100200401,
    "elbow_value": 0.23046875
  },
  "layer_14/mlp_up_proj": {
    "elbow_p": 0.6891783567134268,
    "elbow_value": 0.224609375
  },
  "layer_15/mlp_up_proj": {
    "elbow_p": 0.6948897795591181,
    "elbow_value": 0.2265625
  },
  "layer_16/mlp_up_proj": {
    "elbow_p": 0.698697394789579,
    "elbow_value": 0.232421875
  },
  "layer_17/mlp_up_proj": {
    "elbow_p": 0.7006012024048096,
    "elbow_value": 0.2294921875
  },
  "layer_18/mlp_up_proj": {
    "elbow_p": 0.7196392785571142,
    "elbow_value": 0.25
  },
  "layer_19/mlp_up_proj": {
    "elbow_p": 0.7196392785571142,
    "elbow_value": 0.259765625
  },
  "layer_20/mlp_up_proj": {
    "elbow_p": 0.6929859719438877,
    "elbow_value": 0.255859375
  },
  "layer_21/mlp_up_proj": {
    "elbow_p": 0.6891783567134268,
    "elbow_value": 0.275390625
  },
  "layer_22/mlp_up_proj": {
    "elbow_p": 0.706312625250501,
    "elbow_value": 0.294921875
  },
  "layer_23/mlp_up_proj": {
    "elbow_p": 0.706312625250501,
    "elbow_value": 0.32421875
  },
  "layer_24/mlp_up_proj": {
    "elbow_p": 0.7101202404809619,
    "elbow_value": 0.3515625
  },
  "layer_25/mlp_up_proj": {
    "elbow_p": 0.698697394789579,
    "elbow_value": 0.373046875
  },
  "layer_26/mlp_up_proj": {
    "elbow_p": 0.7139278557114228,
    "elbow_value": 0.4296875
  },
  "layer_27/mlp_up_proj": {
    "elbow_p": 0.6929859719438877,
    "elbow_value": 0.44140625
  },
  "layer_28/mlp_up_proj": {
    "elbow_p": 0.7158316633266533,
    "elbow_value": 0.5
  },
  "layer_29/mlp_up_proj": {
    "elbow_p": 0.7082164328657314,
    "elbow_value": 0.53515625
  },
  "layer_30/mlp_up_proj": {
    "elbow_p": 0.6891783567134268,
    "elbow_value": 0.53515625
  },
  "layer_31/mlp_up_proj": {
    "elbow_p": 0.698697394789579,
    "elbow_value": 0.55859375
  },
  "layer_32/mlp_up_proj": {
    "elbow_p": 0.7101202404809619,
    "elbow_value": 0.58984375
  },
  "layer_33/mlp_up_proj": {
    "elbow_p": 0.6891783567134268,
    "elbow_value": 0.57421875
  },
  "layer_34/mlp_up_proj": {
    "elbow_p": 0.698697394789579,
    "elbow_value": 0.60546875
  },
  "layer_35/mlp_up_proj": {
    "elbow_p": 0.7215430861723446,
    "elbow_value": 0.703125
  }
}