{
  "layer_0/mlp_up_proj": {
    "elbow_p": 0.6948897795591181,
    "elbow_value": 0.3359375
  },
  "layer_1/mlp_up_proj": {
    "elbow_p": 0.6891783567134268,
    "elbow_value": 0.6171875
  },
  "layer_2/mlp_up_proj": {
    "elbow_p": 0.706312625250501,
    "elbow_value": 0.578125
  },
  "layer_3/mlp_up_proj": {
    "elbow_p": 0.6872745490981963,
    "elbow_value": 0.62890625
  },
  "layer_4/mlp_up_proj": {
    "elbow_p": 0.6853707414829658,
    "elbow_value": 0.6328125
  },
  "layer_5/mlp_up_proj": {
    "elbow_p": 0.6891783567134268,
    "elbow_value": 0.59375
  },
  "layer_6/mlp_up_proj": {
    "elbow_p": 0.6872745490981963,
    "elbow_value": 0.64453125
  },
  "layer_7/mlp_up_proj": {
    "elbow_p": 0.7120240480961924,
    "elbow_value": 0.72265625
  },
  "layer_8/mlp_up_proj": {
    "elbow_p": 0.7006012024048096,
    "elbow_value": 0.70703125
  },
  "layer_9/mlp_up_proj": {
    "elbow_p": 0.706312625250501,
    "elbow_value": 0.703125
  },
  "layer_10/mlp_up_proj": {
    "elbow_p": 0.7044088176352705,
    "elbow_value": 0.703125
  },
  "layer_11/mlp_up_proj": {
    "elbow_p": 0.7082164328657314,
    "elbow_value": 0.66796875
  },
  "layer_12/mlp_up_proj": {
    "elbow_p": 0.698697394789579,
    "elbow_value": 0.63671875
  },
  "layer_13/mlp_up_proj": {
    "elbow_p": 0.7006012024048096,
    "elbow_value": 0.70703125
  },
  "layer_14/mlp_up_proj": {
    "elbow_p": 0.7006012024048096,
    "elbow_value": 0.7265625
  },
  "layer_15/mlp_up_proj": {
    "elbow_p": 0.7101202404809619,
    "elbow_value": 0.7890625
  },
  "layer_16/mlp_up_proj": {
    "elbow_p": 0.7234468937875751,
    "elbow_value": 0.8359375
  },
  "layer_17/mlp_up_proj": {
    "elbow_p": 0.7196392785571142,
    "elbow_value": 1.0078125
  },
  "layer_18/mlp_up_proj": {
    "elbow_p": 0.7215430861723446,
    "elbow_value": 1.1328125
  },
  "layer_19/mlp_up_proj": {
    "elbow_p": 0.7177354709418837,
    "elbow_value": 1.1953125
  },
  "layer_20/mlp_up_proj": {
    "elbow_p": 0.7196392785571142,
    "elbow_value": 1.2734375
  },
  "layer_21/mlp_up_proj": {
    "elbow_p": 0.7120240480961924,
    "elbow_value": 1.3125
  },
  "layer_22/mlp_up_proj": {
    "elbow_p": 0.7025050100200401,
    "elbow_value": 1.3359375
  },
  "layer_23/mlp_up_proj": {
    "elbow_p": 0.7120240480961924,
    "elbow_value": 1.4375
  },
  "layer_24/mlp_up_proj": {
    "elbow_p": 0.7177354709418837,
    "elbow_value": 1.40625
  },
  "layer_25/mlp_up_proj": {
    "elbow_p": 0.7234468937875751,
    "elbow_value": 1.40625
  },
  "layer_26/mlp_up_proj": {
    "elbow_p": 0.7234468937875751,
    "elbow_value": 1.40625
  },
  "layer_27/mlp_up_proj": {
    "elbow_p": 0.727254509018036,
    "elbow_value": 1.7734375
  }
}