{
  "layer_0/self_attn_o_proj": {
    "elbow_p": 0.6720440881763526,
    "elbow_value": 0.060302734375
  },
  "layer_1/self_attn_o_proj": {
    "elbow_p": 0.7044088176352705,
    "elbow_value": 0.0390625
  },
  "layer_2/self_attn_o_proj": {
    "elbow_p": 0.7025050100200401,
    "elbow_value": 0.05615234375
  },
  "layer_3/self_attn_o_proj": {
    "elbow_p": 0.706312625250501,
    "elbow_value": 0.0458984375
  },
  "layer_4/self_attn_o_proj": {
    "elbow_p": 0.7006012024048096,
    "elbow_value": 0.07958984375
  },
  "layer_5/self_attn_o_proj": {
    "elbow_p": 0.6853707414829658,
    "elbow_value": 0.07763671875
  },
  "layer_6/self_attn_o_proj": {
    "elbow_p": 0.7082164328657314,
    "elbow_value": 0.0947265625
  },
  "layer_7/self_attn_o_proj": {
    "elbow_p": 0.6967935871743486,
    "elbow_value": 0.1357421875
  },
  "layer_8/self_attn_o_proj": {
    "elbow_p": 0.6853707414829658,
    "elbow_value": 0.1142578125
  },
  "layer_9/self_attn_o_proj": {
    "elbow_p": 0.7025050100200401,
    "elbow_value": 0.1875
  },
  "layer_10/self_attn_o_proj": {
    "elbow_p": 0.7120240480961924,
    "elbow_value": 0.2353515625
  },
  "layer_11/self_attn_o_proj": {
    "elbow_p": 0.7291583166332665,
    "elbow_value": 0.330078125
  },
  "layer_12/self_attn_o_proj": {
    "elbow_p": 0.7120240480961924,
    "elbow_value": 0.2578125
  },
  "layer_13/self_attn_o_proj": {
    "elbow_p": 0.7120240480961924,
    "elbow_value": 0.37109375
  },
  "layer_14/self_attn_o_proj": {
    "elbow_p": 0.6853707414829658,
    "elbow_value": 0.2890625
  },
  "layer_15/self_attn_o_proj": {
    "elbow_p": 0.7120240480961924,
    "elbow_value": 0.353515625
  },
  "layer_16/self_attn_o_proj": {
    "elbow_p": 0.6682364729458917,
    "elbow_value": 0.349609375
  },
  "layer_17/self_attn_o_proj": {
    "elbow_p": 0.7044088176352705,
    "elbow_value": 0.7109375
  },
  "layer_18/self_attn_o_proj": {
    "elbow_p": 0.6872745490981963,
    "elbow_value": 0.51953125
  },
  "layer_19/self_attn_o_proj": {
    "elbow_p": 0.7006012024048096,
    "elbow_value": 0.5546875
  },
  "layer_20/self_attn_o_proj": {
    "elbow_p": 0.6853707414829658,
    "elbow_value": 0.52734375
  },
  "layer_21/self_attn_o_proj": {
    "elbow_p": 0.7215430861723446,
    "elbow_value": 0.53515625
  },
  "layer_22/self_attn_o_proj": {
    "elbow_p": 0.7044088176352705,
    "elbow_value": 0.6328125
  },
  "layer_23/self_attn_o_proj": {
    "elbow_p": 0.7082164328657314,
    "elbow_value": 0.6171875
  },
  "layer_24/self_attn_o_proj": {
    "elbow_p": 0.7253507014028056,
    "elbow_value": 0.6640625
  },
  "layer_25/self_attn_o_proj": {
    "elbow_p": 0.706312625250501,
    "elbow_value": 0.8984375
  },
  "layer_26/self_attn_o_proj": {
    "elbow_p": 0.727254509018036,
    "elbow_value": 1.1171875
  },
  "layer_27/self_attn_o_proj": {
    "elbow_p": 0.7158316633266533,
    "elbow_value": 0.9453125
  }
}