{
  "layer_0/self_attn_q_proj": {
    "elbow_p": 0.7101202404809619,
    "elbow_value": 0.181640625
  },
  "layer_1/self_attn_q_proj": {
    "elbow_p": 0.6967935871743486,
    "elbow_value": 0.09423828125
  },
  "layer_2/self_attn_q_proj": {
    "elbow_p": 0.7158316633266533,
    "elbow_value": 0.130859375
  },
  "layer_3/self_attn_q_proj": {
    "elbow_p": 0.7139278557114228,
    "elbow_value": 0.353515625
  },
  "layer_4/self_attn_q_proj": {
    "elbow_p": 0.698697394789579,
    "elbow_value": 0.337890625
  },
  "layer_5/self_attn_q_proj": {
    "elbow_p": 0.7291583166332665,
    "elbow_value": 0.453125
  },
  "layer_6/self_attn_q_proj": {
    "elbow_p": 0.7044088176352705,
    "elbow_value": 0.3515625
  },
  "layer_7/self_attn_q_proj": {
    "elbow_p": 0.7082164328657314,
    "elbow_value": 0.515625
  },
  "layer_8/self_attn_q_proj": {
    "elbow_p": 0.7120240480961924,
    "elbow_value": 0.55078125
  },
  "layer_9/self_attn_q_proj": {
    "elbow_p": 0.7177354709418837,
    "elbow_value": 0.73828125
  },
  "layer_10/self_attn_q_proj": {
    "elbow_p": 0.6967935871743486,
    "elbow_value": 0.65234375
  },
  "layer_11/self_attn_q_proj": {
    "elbow_p": 0.7158316633266533,
    "elbow_value": 0.875
  },
  "layer_12/self_attn_q_proj": {
    "elbow_p": 0.7082164328657314,
    "elbow_value": 0.8515625
  },
  "layer_13/self_attn_q_proj": {
    "elbow_p": 0.7196392785571142,
    "elbow_value": 0.9140625
  },
  "layer_14/self_attn_q_proj": {
    "elbow_p": 0.7101202404809619,
    "elbow_value": 1.03125
  },
  "layer_15/self_attn_q_proj": {
    "elbow_p": 0.7120240480961924,
    "elbow_value": 1.40625
  },
  "layer_16/self_attn_q_proj": {
    "elbow_p": 0.727254509018036,
    "elbow_value": 1.53125
  },
  "layer_17/self_attn_q_proj": {
    "elbow_p": 0.7310621242484969,
    "elbow_value": 2.5625
  },
  "layer_18/self_attn_q_proj": {
    "elbow_p": 0.7329659318637274,
    "elbow_value": 2.5625
  },
  "layer_19/self_attn_q_proj": {
    "elbow_p": 0.7253507014028056,
    "elbow_value": 3.296875
  },
  "layer_20/self_attn_q_proj": {
    "elbow_p": 0.7501002004008015,
    "elbow_value": 3.796875
  },
  "layer_21/self_attn_q_proj": {
    "elbow_p": 0.748196392785571,
    "elbow_value": 4.875
  },
  "layer_22/self_attn_q_proj": {
    "elbow_p": 0.7539078156312624,
    "elbow_value": 5.1875
  },
  "layer_23/self_attn_q_proj": {
    "elbow_p": 0.7405811623246492,
    "elbow_value": 5.375
  },
  "layer_24/self_attn_q_proj": {
    "elbow_p": 0.7577154308617233,
    "elbow_value": 6.96875
  },
  "layer_25/self_attn_q_proj": {
    "elbow_p": 0.7672344689378757,
    "elbow_value": 7.75
  },
  "layer_26/self_attn_q_proj": {
    "elbow_p": 0.7596192384769538,
    "elbow_value": 8.0
  },
  "layer_27/self_attn_q_proj": {
    "elbow_p": 0.7348697394789578,
    "elbow_value": 7.53125
  }
}