{
  "layer_0/mlp_up_proj": {
    "elbow_p": 0.6511022044088176,
    "elbow_value": 0.095703125
  },
  "layer_1/mlp_up_proj": {
    "elbow_p": 0.6910821643286572,
    "elbow_value": 0.384765625
  },
  "layer_2/mlp_up_proj": {
    "elbow_p": 0.7006012024048096,
    "elbow_value": 0.5390625
  },
  "layer_3/mlp_up_proj": {
    "elbow_p": 0.7139278557114228,
    "elbow_value": 0.5078125
  },
  "layer_4/mlp_up_proj": {
    "elbow_p": 0.6929859719438877,
    "elbow_value": 0.427734375
  },
  "layer_5/mlp_up_proj": {
    "elbow_p": 0.7101202404809619,
    "elbow_value": 0.314453125
  },
  "layer_6/mlp_up_proj": {
    "elbow_p": 0.6891783567134268,
    "elbow_value": 0.3203125
  },
  "layer_7/mlp_up_proj": {
    "elbow_p": 0.6948897795591181,
    "elbow_value": 0.36328125
  },
  "layer_8/mlp_up_proj": {
    "elbow_p": 0.6682364729458917,
    "elbow_value": 0.3515625
  },
  "layer_9/mlp_up_proj": {
    "elbow_p": 0.7006012024048096,
    "elbow_value": 0.4375
  },
  "layer_10/mlp_up_proj": {
    "elbow_p": 0.7025050100200401,
    "elbow_value": 0.408203125
  },
  "layer_11/mlp_up_proj": {
    "elbow_p": 0.6758517034068136,
    "elbow_value": 0.3671875
  },
  "layer_12/mlp_up_proj": {
    "elbow_p": 0.6910821643286572,
    "elbow_value": 0.361328125
  },
  "layer_13/mlp_up_proj": {
    "elbow_p": 0.706312625250501,
    "elbow_value": 0.369140625
  },
  "layer_14/mlp_up_proj": {
    "elbow_p": 0.6872745490981963,
    "elbow_value": 0.349609375
  },
  "layer_15/mlp_up_proj": {
    "elbow_p": 0.6967935871743486,
    "elbow_value": 0.349609375
  },
  "layer_16/mlp_up_proj": {
    "elbow_p": 0.6834669338677354,
    "elbow_value": 0.345703125
  },
  "layer_17/mlp_up_proj": {
    "elbow_p": 0.7006012024048096,
    "elbow_value": 0.34765625
  },
  "layer_18/mlp_up_proj": {
    "elbow_p": 0.677755511022044,
    "elbow_value": 0.345703125
  },
  "layer_19/mlp_up_proj": {
    "elbow_p": 0.6967935871743486,
    "elbow_value": 0.373046875
  },
  "layer_20/mlp_up_proj": {
    "elbow_p": 0.706312625250501,
    "elbow_value": 0.39453125
  },
  "layer_21/mlp_up_proj": {
    "elbow_p": 0.7101202404809619,
    "elbow_value": 0.4296875
  },
  "layer_22/mlp_up_proj": {
    "elbow_p": 0.7044088176352705,
    "elbow_value": 0.4296875
  },
  "layer_23/mlp_up_proj": {
    "elbow_p": 0.7139278557114228,
    "elbow_value": 0.482421875
  },
  "layer_24/mlp_up_proj": {
    "elbow_p": 0.7196392785571142,
    "elbow_value": 0.51171875
  },
  "layer_25/mlp_up_proj": {
    "elbow_p": 0.7025050100200401,
    "elbow_value": 0.53125
  },
  "layer_26/mlp_up_proj": {
    "elbow_p": 0.7101202404809619,
    "elbow_value": 0.59375
  },
  "layer_27/mlp_up_proj": {
    "elbow_p": 0.7025050100200401,
    "elbow_value": 0.62109375
  },
  "layer_28/mlp_up_proj": {
    "elbow_p": 0.6872745490981963,
    "elbow_value": 0.64453125
  },
  "layer_29/mlp_up_proj": {
    "elbow_p": 0.7044088176352705,
    "elbow_value": 0.7265625
  },
  "layer_30/mlp_up_proj": {
    "elbow_p": 0.6967935871743486,
    "elbow_value": 0.7421875
  },
  "layer_31/mlp_up_proj": {
    "elbow_p": 0.6967935871743486,
    "elbow_value": 0.74609375
  },
  "layer_32/mlp_up_proj": {
    "elbow_p": 0.7101202404809619,
    "elbow_value": 0.78515625
  },
  "layer_33/mlp_up_proj": {
    "elbow_p": 0.7044088176352705,
    "elbow_value": 0.7890625
  },
  "layer_34/mlp_up_proj": {
    "elbow_p": 0.7101202404809619,
    "elbow_value": 0.84765625
  },
  "layer_35/mlp_up_proj": {
    "elbow_p": 0.7424849699398797,
    "elbow_value": 1.0
  }
}