{
  "layer_0/self_attn_q_proj": {
    "elbow_p": 0.748196392785571,
    "elbow_value": 0.026123046875
  },
  "layer_1/self_attn_q_proj": {
    "elbow_p": 0.7139278557114228,
    "elbow_value": 0.0262451171875
  },
  "layer_2/self_attn_q_proj": {
    "elbow_p": 0.7101202404809619,
    "elbow_value": 0.043701171875
  },
  "layer_3/self_attn_q_proj": {
    "elbow_p": 0.7215430861723446,
    "elbow_value": 0.057373046875
  },
  "layer_4/self_attn_q_proj": {
    "elbow_p": 0.7082164328657314,
    "elbow_value": 0.0830078125
  },
  "layer_5/self_attn_q_proj": {
    "elbow_p": 0.7158316633266533,
    "elbow_value": 0.083984375
  },
  "layer_6/self_attn_q_proj": {
    "elbow_p": 0.7234468937875751,
    "elbow_value": 0.11767578125
  },
  "layer_7/self_attn_q_proj": {
    "elbow_p": 0.7291583166332665,
    "elbow_value": 0.158203125
  },
  "layer_8/self_attn_q_proj": {
    "elbow_p": 0.7215430861723446,
    "elbow_value": 0.21484375
  },
  "layer_9/self_attn_q_proj": {
    "elbow_p": 0.7329659318637274,
    "elbow_value": 0.2333984375
  },
  "layer_10/self_attn_q_proj": {
    "elbow_p": 0.7044088176352705,
    "elbow_value": 0.291015625
  },
  "layer_11/self_attn_q_proj": {
    "elbow_p": 0.706312625250501,
    "elbow_value": 0.197265625
  },
  "layer_12/self_attn_q_proj": {
    "elbow_p": 0.7139278557114228,
    "elbow_value": 0.212890625
  },
  "layer_13/self_attn_q_proj": {
    "elbow_p": 0.7177354709418837,
    "elbow_value": 0.1796875
  },
  "layer_14/self_attn_q_proj": {
    "elbow_p": 0.7044088176352705,
    "elbow_value": 0.23828125
  },
  "layer_15/self_attn_q_proj": {
    "elbow_p": 0.727254509018036,
    "elbow_value": 0.234375
  },
  "layer_16/self_attn_q_proj": {
    "elbow_p": 0.6948897795591181,
    "elbow_value": 0.296875
  },
  "layer_17/self_attn_q_proj": {
    "elbow_p": 0.7082164328657314,
    "elbow_value": 0.27734375
  },
  "layer_18/self_attn_q_proj": {
    "elbow_p": 0.7025050100200401,
    "elbow_value": 0.2890625
  },
  "layer_19/self_attn_q_proj": {
    "elbow_p": 0.7025050100200401,
    "elbow_value": 0.39453125
  },
  "layer_20/self_attn_q_proj": {
    "elbow_p": 0.7215430861723446,
    "elbow_value": 0.37109375
  },
  "layer_21/self_attn_q_proj": {
    "elbow_p": 0.706312625250501,
    "elbow_value": 0.408203125
  },
  "layer_22/self_attn_q_proj": {
    "elbow_p": 0.7006012024048096,
    "elbow_value": 0.578125
  },
  "layer_23/self_attn_q_proj": {
    "elbow_p": 0.7006012024048096,
    "elbow_value": 0.55859375
  },
  "layer_24/self_attn_q_proj": {
    "elbow_p": 0.7424849699398797,
    "elbow_value": 0.7421875
  },
  "layer_25/self_attn_q_proj": {
    "elbow_p": 0.7139278557114228,
    "elbow_value": 0.63671875
  },
  "layer_26/self_attn_q_proj": {
    "elbow_p": 0.7177354709418837,
    "elbow_value": 0.81640625
  },
  "layer_27/self_attn_q_proj": {
    "elbow_p": 0.7177354709418837,
    "elbow_value": 0.90625
  },
  "layer_28/self_attn_q_proj": {
    "elbow_p": 0.7348697394789578,
    "elbow_value": 0.90625
  },
  "layer_29/self_attn_q_proj": {
    "elbow_p": 0.7424849699398797,
    "elbow_value": 1.25
  },
  "layer_30/self_attn_q_proj": {
    "elbow_p": 0.727254509018036,
    "elbow_value": 1.5390625
  },
  "layer_31/self_attn_q_proj": {
    "elbow_p": 0.7310621242484969,
    "elbow_value": 1.546875
  },
  "layer_32/self_attn_q_proj": {
    "elbow_p": 0.7424849699398797,
    "elbow_value": 1.859375
  },
  "layer_33/self_attn_q_proj": {
    "elbow_p": 0.7710420841683366,
    "elbow_value": 2.3125
  },
  "layer_34/self_attn_q_proj": {
    "elbow_p": 0.7443887775551101,
    "elbow_value": 2.53125
  },
  "layer_35/self_attn_q_proj": {
    "elbow_p": 0.7291583166332665,
    "elbow_value": 2.15625
  }
}