{
  "layer_0/self_attn_o_proj": {
    "elbow_p": 0.7044088176352705,
    "elbow_value": 0.0106201171875
  },
  "layer_1/self_attn_o_proj": {
    "elbow_p": 0.7234468937875751,
    "elbow_value": 0.01446533203125
  },
  "layer_2/self_attn_o_proj": {
    "elbow_p": 0.706312625250501,
    "elbow_value": 0.0169677734375
  },
  "layer_3/self_attn_o_proj": {
    "elbow_p": 0.6910821643286572,
    "elbow_value": 0.0179443359375
  },
  "layer_4/self_attn_o_proj": {
    "elbow_p": 0.7025050100200401,
    "elbow_value": 0.02392578125
  },
  "layer_5/self_attn_o_proj": {
    "elbow_p": 0.7139278557114228,
    "elbow_value": 0.03759765625
  },
  "layer_6/self_attn_o_proj": {
    "elbow_p": 0.6967935871743486,
    "elbow_value": 0.057861328125
  },
  "layer_7/self_attn_o_proj": {
    "elbow_p": 0.6796593186372745,
    "elbow_value": 0.04345703125
  },
  "layer_8/self_attn_o_proj": {
    "elbow_p": 0.6644288577154308,
    "elbow_value": 0.0625
  },
  "layer_9/self_attn_o_proj": {
    "elbow_p": 0.6815631262525049,
    "elbow_value": 0.05908203125
  },
  "layer_10/self_attn_o_proj": {
    "elbow_p": 0.698697394789579,
    "elbow_value": 0.10107421875
  },
  "layer_11/self_attn_o_proj": {
    "elbow_p": 0.6910821643286572,
    "elbow_value": 0.08935546875
  },
  "layer_12/self_attn_o_proj": {
    "elbow_p": 0.6815631262525049,
    "elbow_value": 0.0947265625
  },
  "layer_13/self_attn_o_proj": {
    "elbow_p": 0.6815631262525049,
    "elbow_value": 0.08203125
  },
  "layer_14/self_attn_o_proj": {
    "elbow_p": 0.7025050100200401,
    "elbow_value": 0.138671875
  },
  "layer_15/self_attn_o_proj": {
    "elbow_p": 0.7025050100200401,
    "elbow_value": 0.134765625
  },
  "layer_16/self_attn_o_proj": {
    "elbow_p": 0.6948897795591181,
    "elbow_value": 0.125
  },
  "layer_17/self_attn_o_proj": {
    "elbow_p": 0.6929859719438877,
    "elbow_value": 0.138671875
  },
  "layer_18/self_attn_o_proj": {
    "elbow_p": 0.7082164328657314,
    "elbow_value": 0.171875
  },
  "layer_19/self_attn_o_proj": {
    "elbow_p": 0.7215430861723446,
    "elbow_value": 0.177734375
  },
  "layer_20/self_attn_o_proj": {
    "elbow_p": 0.7082164328657314,
    "elbow_value": 0.158203125
  },
  "layer_21/self_attn_o_proj": {
    "elbow_p": 0.7025050100200401,
    "elbow_value": 0.1826171875
  },
  "layer_22/self_attn_o_proj": {
    "elbow_p": 0.677755511022044,
    "elbow_value": 0.21484375
  },
  "layer_23/self_attn_o_proj": {
    "elbow_p": 0.6891783567134268,
    "elbow_value": 0.2392578125
  },
  "layer_24/self_attn_o_proj": {
    "elbow_p": 0.6910821643286572,
    "elbow_value": 0.19140625
  },
  "layer_25/self_attn_o_proj": {
    "elbow_p": 0.6929859719438877,
    "elbow_value": 0.146484375
  },
  "layer_26/self_attn_o_proj": {
    "elbow_p": 0.7139278557114228,
    "elbow_value": 0.130859375
  },
  "layer_27/self_attn_o_proj": {
    "elbow_p": 0.7025050100200401,
    "elbow_value": 0.154296875
  },
  "layer_28/self_attn_o_proj": {
    "elbow_p": 0.6910821643286572,
    "elbow_value": 0.2275390625
  },
  "layer_29/self_attn_o_proj": {
    "elbow_p": 0.727254509018036,
    "elbow_value": 0.1337890625
  },
  "layer_30/self_attn_o_proj": {
    "elbow_p": 0.7329659318637274,
    "elbow_value": 0.23046875
  },
  "layer_31/self_attn_o_proj": {
    "elbow_p": 0.7253507014028056,
    "elbow_value": 0.2177734375
  },
  "layer_32/self_attn_o_proj": {
    "elbow_p": 0.7367735470941883,
    "elbow_value": 0.265625
  },
  "layer_33/self_attn_o_proj": {
    "elbow_p": 0.7291583166332665,
    "elbow_value": 0.30859375
  },
  "layer_34/self_attn_o_proj": {
    "elbow_p": 0.7025050100200401,
    "elbow_value": 0.4765625
  },
  "layer_35/self_attn_o_proj": {
    "elbow_p": 0.706312625250501,
    "elbow_value": 0.671875
  }
}