{
  "layer_0/self_attn_q_proj": {
    "elbow_p": 0.6720440881763526,
    "elbow_value": 0.009033203125
  },
  "layer_1/self_attn_q_proj": {
    "elbow_p": 0.706312625250501,
    "elbow_value": 0.01458740234375
  },
  "layer_2/self_attn_q_proj": {
    "elbow_p": 0.6910821643286572,
    "elbow_value": 0.022216796875
  },
  "layer_3/self_attn_q_proj": {
    "elbow_p": 0.7177354709418837,
    "elbow_value": 0.0291748046875
  },
  "layer_4/self_attn_q_proj": {
    "elbow_p": 0.7101202404809619,
    "elbow_value": 0.042724609375
  },
  "layer_5/self_attn_q_proj": {
    "elbow_p": 0.706312625250501,
    "elbow_value": 0.040283203125
  },
  "layer_6/self_attn_q_proj": {
    "elbow_p": 0.7291583166332665,
    "elbow_value": 0.055419921875
  },
  "layer_7/self_attn_q_proj": {
    "elbow_p": 0.7291583166332665,
    "elbow_value": 0.07763671875
  },
  "layer_8/self_attn_q_proj": {
    "elbow_p": 0.7329659318637274,
    "elbow_value": 0.111328125
  },
  "layer_9/self_attn_q_proj": {
    "elbow_p": 0.7253507014028056,
    "elbow_value": 0.115234375
  },
  "layer_10/self_attn_q_proj": {
    "elbow_p": 0.706312625250501,
    "elbow_value": 0.166015625
  },
  "layer_11/self_attn_q_proj": {
    "elbow_p": 0.706312625250501,
    "elbow_value": 0.11328125
  },
  "layer_12/self_attn_q_proj": {
    "elbow_p": 0.7291583166332665,
    "elbow_value": 0.1259765625
  },
  "layer_13/self_attn_q_proj": {
    "elbow_p": 0.6929859719438877,
    "elbow_value": 0.099609375
  },
  "layer_14/self_attn_q_proj": {
    "elbow_p": 0.7177354709418837,
    "elbow_value": 0.14453125
  },
  "layer_15/self_attn_q_proj": {
    "elbow_p": 0.7139278557114228,
    "elbow_value": 0.138671875
  },
  "layer_16/self_attn_q_proj": {
    "elbow_p": 0.7025050100200401,
    "elbow_value": 0.189453125
  },
  "layer_17/self_attn_q_proj": {
    "elbow_p": 0.706312625250501,
    "elbow_value": 0.181640625
  },
  "layer_18/self_attn_q_proj": {
    "elbow_p": 0.7120240480961924,
    "elbow_value": 0.193359375
  },
  "layer_19/self_attn_q_proj": {
    "elbow_p": 0.7025050100200401,
    "elbow_value": 0.26171875
  },
  "layer_20/self_attn_q_proj": {
    "elbow_p": 0.727254509018036,
    "elbow_value": 0.251953125
  },
  "layer_21/self_attn_q_proj": {
    "elbow_p": 0.7139278557114228,
    "elbow_value": 0.283203125
  },
  "layer_22/self_attn_q_proj": {
    "elbow_p": 0.7215430861723446,
    "elbow_value": 0.427734375
  },
  "layer_23/self_attn_q_proj": {
    "elbow_p": 0.7101202404809619,
    "elbow_value": 0.41015625
  },
  "layer_24/self_attn_q_proj": {
    "elbow_p": 0.7215430861723446,
    "elbow_value": 0.54296875
  },
  "layer_25/self_attn_q_proj": {
    "elbow_p": 0.7196392785571142,
    "elbow_value": 0.51953125
  },
  "layer_26/self_attn_q_proj": {
    "elbow_p": 0.7158316633266533,
    "elbow_value": 0.6796875
  },
  "layer_27/self_attn_q_proj": {
    "elbow_p": 0.7196392785571142,
    "elbow_value": 0.75
  },
  "layer_28/self_attn_q_proj": {
    "elbow_p": 0.7367735470941883,
    "elbow_value": 0.74609375
  },
  "layer_29/self_attn_q_proj": {
    "elbow_p": 0.7386773547094188,
    "elbow_value": 1.03125
  },
  "layer_30/self_attn_q_proj": {
    "elbow_p": 0.7215430861723446,
    "elbow_value": 1.234375
  },
  "layer_31/self_attn_q_proj": {
    "elbow_p": 0.7367735470941883,
    "elbow_value": 1.3203125
  },
  "layer_32/self_attn_q_proj": {
    "elbow_p": 0.727254509018036,
    "elbow_value": 1.5078125
  },
  "layer_33/self_attn_q_proj": {
    "elbow_p": 0.7539078156312624,
    "elbow_value": 1.8125
  },
  "layer_34/self_attn_q_proj": {
    "elbow_p": 0.7348697394789578,
    "elbow_value": 2.03125
  },
  "layer_35/self_attn_q_proj": {
    "elbow_p": 0.7196392785571142,
    "elbow_value": 1.6171875
  }
}